{"loss": [3.4339707326580537e-06, 3.3222104320884682e-06, 3.381921942491317e-06, 3.383633156772703e-06, 3.3558442282810574e-06, 3.386690195839037e-06, 3.3596127195778536e-06, 3.376226231921464e-06, 3.2849218314368045e-06, 3.2917560019996017e-06, 3.341896217534668e-06, 3.271309424235369e-06, 3.2728660244174534e-06, 3.3081823858083226e-06, 3.2668640415067784e-06, 3.239452098569018e-06, 3.2355012535845162e-06, 3.178500719513977e-06, 3.2086254577734508e-06, 3.2654513688612496e-06, 3.2064656352304155e-06, 3.129766582787852e-06, 3.2079544780572178e-06, 3.1557328838971443e-06, 3.1570282317261444e-06, 3.085697699134471e-06, 3.0755027182749473e-06, 3.1265090001397766e-06, 3.0168644116201904e-06, 3.0760195386392297e-06, 3.044111281269579e-06, 3.0999201499071205e-06, 3.0235198664740892e-06, 3.0205903840396786e-06, 3.025253136001993e-06, 3.0333919767144835e-06, 3.036275302292779e-06, 2.9383174933172995e-06, 2.9995730983500835e-06, 2.996530838572653e-06, 2.940592366940109e-06, 2.9826999252691166e-06, 2.935023303507478e-06, 2.9466198157024337e-06, 2.909530849137809e-06, 2.901252628362272e-06, 2.9528155209845863e-06, 2.892302063628449e-06, 2.9422089937725104e-06, 2.9082582386763534e-06], "val_loss": [3.4151940781157464e-05, 3.302783807157539e-05, 3.6115554394200444e-05, 5.69627845834475e-05, 9.902293822960928e-05, 7.409890531562269e-05, 8.86992784217e-05, 8.040445391088724e-05, 3.207905319868587e-05, 8.670782699482515e-05, 3.93413683923427e-05, 8.15736930235289e-05, 2.2604122932534665e-05, 7.735553663223982e-05, 6.96174320182763e-05, 8.659925515530631e-05, 4.900341446045786e-05, 9.356351074529812e-05, 5.285208681016229e-05, 4.957903365720995e-05, 5.8691723097581416e-05, 4.220540722599253e-05, 1.193258685816545e-05, 1.8069024008582346e-05, 1.4693559933220968e-05, 7.187666778918356e-05, 4.210343468002975e-05, 6.879738793941215e-05, 3.0473711376544088e-05, 4.9039746954804286e-05, 3.13699129037559e-05, 8.086477464530617e-06, 6.920565738255391e-06, 2.9548515158239752e-05, 7.176027429522946e-05, 3.400117202545516e-05, 6.985354502830887e-06, 8.910855831345543e-05, 7.109713624231517e-05, 8.455382339889184e-05, 5.1419738156255335e-05, 7.371782703557983e-05, 4.976084528607316e-05, 2.5201967218890786e-05, 8.123281440930441e-05, 6.524781929329038e-05, 5.112633516546339e-05, 9.756151121109724e-05, 3.5363438655622303e-05, 3.491906318231486e-05]}